Nom du modèle,mAP 50-95,F1-score,Temps d'inférence moyen
i5-8265U fasterrcnn onnx,0.09010648903296946,0.10966578222713279,3676.7862368421047
i5-8265U fasterrcnn pt,0.2224376768559924,0.2579770410971426,3880.3565575221237
i7-11800H fasterrcnn onnx,0.09010648903296946,0.10966578222713279,891.3731533184387
i7-11800H fasterrcnn pt,0.2224376768559924,0.2579770410971426,1206.3609435495023
Raspberry Pi 4 8GB fasterrcnn onnx,0.09010648903296946,0.10966578222713279,11295.901208593134
Raspberry Pi 5 fasterrcnn onnx,0.09010648903296946,0.10966578222713279,4055.26416134416
RTX 3080 TI laptop 95W fasterrcnn onnx,0.09010648903296946,0.10966578222713279,738.9776685781646
RTX 3080 TI laptop 95W fasterrcnn pt,0.2224376768559924,0.2579770410971426,856.4084661858423
