Nom du modèle,mAP 50-95,F1-score,Temps d'inférence moyen
fasterrcnn dell onnx,0.0,0.0,3.6767862198645607
fasterrcnn dell cor onnx,0.09010648903296946,0.10966578222713279,3.6767862198645607
fasterrcnn dell pt,0.2224376768559924,0.2579770410971426,3.880356541777079
i7-11800H fasterrcnn custom new onnx,0.09010648903296946,0.10966578222713279,891.3731533184387
i7-11800H fasterrcnn custom new pt,0.2224376768559924,0.2579770410971426,1206.3609435495023
Raspberry Pi 5 fasterrcnn custom new onnx,0.09010648903296946,0.10966578222713279,4055.26416134416
RTX 3080 TI laptop 95W fasterrcnn custom new onnx,0.09010648903296946,0.10966578222713279,-1650.1372006901524
RTX 3080 TI laptop 95W fasterrcnn custom new pt,0.2224376768559924,0.2579770410971426,856.4084661858423
